id,target
img_0001.jpeg,0.38249967
img_0002.jpeg,0.6944906
img_0003.jpeg,0.99954635
img_0004.jpeg,0.003124984
img_0005.jpeg,0.13401571
img_0006.jpeg,0.05761409
img_0007.jpeg,0.0028365366
img_0008.jpeg,0.60508287
img_0009.jpeg,2.114932e-05
img_0010.jpeg,0.0010147232
img_0011.jpeg,0.32479745
img_0012.jpeg,0.44193733
img_0013.jpeg,0.49055144
img_0014.jpeg,0.4445019
img_0015.jpeg,0.1872173
img_0016.jpeg,0.99370086
img_0017.jpeg,0.0049870424
img_0018.jpeg,8.982929e-05
img_0019.jpeg,0.00349605
img_0020.jpeg,0.13786767
img_0021.jpeg,0.004025555
img_0022.jpeg,0.00033787472
img_0023.jpeg,0.02791245
img_0024.jpeg,2.6129896e-07
img_0025.jpeg,5.3690284e-05
img_0026.jpeg,0.0013809031
img_0027.jpeg,0.0005795551
img_0028.jpeg,0.64105195
img_0029.jpeg,0.55353624
img_0030.jpeg,0.15436934
img_0031.jpeg,0.51825434
img_0032.jpeg,0.0002686949
img_0033.jpeg,0.72785556
img_0034.jpeg,0.00054494647
img_0035.jpeg,0.65583694
img_0036.jpeg,0.15763283
img_0037.jpeg,0.30083442
img_0038.jpeg,0.011899173
img_0039.jpeg,0.0020818291
img_0040.jpeg,0.00017229418
img_0041.jpeg,0.003898513
img_0042.jpeg,8.497808e-08
img_0043.jpeg,0.0007005833
img_0044.jpeg,0.9956969
img_0045.jpeg,0.0075028543
img_0046.jpeg,0.0018328286
img_0047.jpeg,0.09556449
img_0048.jpeg,0.0010512542
img_0049.jpeg,0.87442845
img_0050.jpeg,0.033919737
img_0051.jpeg,0.0016080752
img_0052.jpeg,0.8506793
img_0053.jpeg,0.055679806
img_0054.jpeg,0.30097196
img_0055.jpeg,0.024811557
img_0056.jpeg,0.3647867
img_0057.jpeg,0.0022790865
img_0058.jpeg,0.0038235246
img_0059.jpeg,0.008081367
img_0060.jpeg,0.42064852
img_0061.jpeg,0.9501299
img_0062.jpeg,0.015341855
img_0063.jpeg,0.054678846
img_0064.jpeg,1.9848107e-05
img_0065.jpeg,9.779212e-05
img_0066.jpeg,0.48510054
img_0067.jpeg,0.95973366
img_0068.jpeg,0.28668857
img_0069.jpeg,0.116848655
img_0070.jpeg,0.13857266
img_0071.jpeg,0.5860872
img_0072.jpeg,0.003621085
img_0073.jpeg,0.038463652
img_0074.jpeg,0.0006534633
img_0075.jpeg,0.5871507
img_0076.jpeg,0.00689516
img_0077.jpeg,0.00032614742
img_0078.jpeg,0.08538268
img_0079.jpeg,0.9994703
img_0080.jpeg,0.047578987
img_0081.jpeg,0.0009408318
img_0082.jpeg,0.9993358
img_0083.jpeg,0.24207552
img_0084.jpeg,0.0019955698
img_0085.jpeg,0.0014724615
img_0086.jpeg,0.00071748864
img_0087.jpeg,0.00043264715
img_0088.jpeg,0.06123308
img_0089.jpeg,0.025938615
img_0090.jpeg,0.8139065
img_0091.jpeg,0.00030152712
img_0092.jpeg,8.625838e-06
img_0093.jpeg,0.046920482
img_0094.jpeg,0.03711857
img_0095.jpeg,0.28787196
img_0096.jpeg,0.018334191
img_0097.jpeg,0.00012213977
img_0098.jpeg,7.405335e-05
img_0099.jpeg,0.014227929
img_0100.jpeg,0.072256796
img_0101.jpeg,0.9632082
img_0102.jpeg,0.19236884
img_0103.jpeg,0.69804144
img_0104.jpeg,0.07704165
img_0105.jpeg,0.0015909562
img_0106.jpeg,0.29426816
img_0107.jpeg,0.2864574
img_0108.jpeg,0.02827742
img_0109.jpeg,0.93536043
img_0110.jpeg,0.6118668
img_0111.jpeg,0.048653834
img_0112.jpeg,0.16735607
img_0113.jpeg,0.064047925
img_0114.jpeg,3.7864076e-05
img_0115.jpeg,0.34436265
img_0116.jpeg,0.99921334
img_0117.jpeg,0.019675734
img_0118.jpeg,0.9998505
img_0119.jpeg,0.023999764
img_0120.jpeg,0.0009625848
img_0121.jpeg,0.34945643
img_0122.jpeg,0.9591337
img_0123.jpeg,0.054419782
img_0124.jpeg,0.014025601
img_0125.jpeg,0.820067
img_0126.jpeg,0.9933629
img_0127.jpeg,0.0060345666
img_0128.jpeg,0.999778
img_0129.jpeg,0.025222728
img_0130.jpeg,0.98987
img_0131.jpeg,0.039759748
img_0132.jpeg,9.787352e-07
img_0133.jpeg,0.007484625
img_0134.jpeg,0.0029506835
img_0135.jpeg,8.4921834e-05
img_0136.jpeg,0.0004840929
img_0137.jpeg,0.917445
img_0138.jpeg,0.07718819
img_0139.jpeg,0.08412987
img_0140.jpeg,0.0026887537
img_0141.jpeg,0.0069331005
img_0142.jpeg,0.007977489
img_0143.jpeg,0.00035604753
img_0144.jpeg,0.9543699
img_0145.jpeg,0.6981395
img_0146.jpeg,0.0008783525
img_0147.jpeg,0.8873018
img_0148.jpeg,0.03768622
img_0149.jpeg,0.01809171
img_0150.jpeg,0.11309262
img_0151.jpeg,0.99679095
img_0152.jpeg,2.5083766e-05
img_0153.jpeg,0.5146921
img_0154.jpeg,0.9898588
img_0155.jpeg,0.73664117
img_0156.jpeg,0.11079766
img_0157.jpeg,0.6547209
img_0158.jpeg,0.07250944
img_0159.jpeg,0.010754088
img_0160.jpeg,1.6867594e-07
img_0161.jpeg,0.3068499
img_0162.jpeg,0.050728265
img_0163.jpeg,0.0017068117
img_0164.jpeg,6.0222726e-05
img_0165.jpeg,0.12680425
img_0166.jpeg,0.29337078
img_0167.jpeg,0.0032500792
img_0168.jpeg,0.9903578
img_0169.jpeg,0.0021774066
img_0170.jpeg,0.0050005238
img_0171.jpeg,0.67292535
img_0172.jpeg,0.011028528
img_0173.jpeg,0.6930703
img_0174.jpeg,0.19352001
img_0175.jpeg,0.8731098
img_0176.jpeg,0.2505461
img_0177.jpeg,0.044924647
img_0178.jpeg,0.035301525
img_0179.jpeg,0.00596649
img_0180.jpeg,0.31505528
img_0181.jpeg,0.026333226
img_0182.jpeg,1.21156545e-05
img_0183.jpeg,0.12076401
img_0184.jpeg,0.08407356
img_0185.jpeg,0.0011477126
img_0186.jpeg,0.0038836945
img_0187.jpeg,0.0029338482
img_0188.jpeg,0.008441163
img_0189.jpeg,0.0039899126
img_0190.jpeg,0.012652708
img_0191.jpeg,0.0015564368
img_0192.jpeg,0.059616648
img_0193.jpeg,0.17457062
img_0194.jpeg,3.6684262e-06
img_0195.jpeg,0.00048251962
img_0196.jpeg,0.0021953126
img_0197.jpeg,7.744807e-06
img_0198.jpeg,0.0013731368
img_0199.jpeg,0.00050147914
img_0200.jpeg,0.00031057943
img_0201.jpeg,0.9763959
img_0202.jpeg,0.24556142
img_0203.jpeg,0.0016309501
img_0204.jpeg,1.7224129e-05
img_0205.jpeg,0.026258104
img_0206.jpeg,0.9868869
img_0207.jpeg,0.0011500338
img_0208.jpeg,0.9210611
img_0209.jpeg,0.28903896
img_0210.jpeg,0.00013889957
img_0211.jpeg,0.0004045276
img_0212.jpeg,2.8583912e-05
img_0213.jpeg,0.0019276426
img_0214.jpeg,0.22982664
img_0215.jpeg,0.0004866231
img_0216.jpeg,0.031535402
img_0217.jpeg,0.9999926
img_0218.jpeg,0.9715555
img_0219.jpeg,0.0216879
img_0220.jpeg,0.007292142
img_0221.jpeg,0.2318707
img_0222.jpeg,0.00047411138
img_0223.jpeg,0.10649638
img_0224.jpeg,0.00032935015
img_0225.jpeg,0.58935976
img_0226.jpeg,0.92907614
img_0227.jpeg,0.047538392
img_0228.jpeg,0.0033193706
img_0229.jpeg,0.00028102376
img_0230.jpeg,0.028627042
img_0231.jpeg,5.7172325e-05
img_0232.jpeg,0.008896963
img_0233.jpeg,0.69607466
img_0234.jpeg,2.775495e-06
img_0235.jpeg,0.99635005
img_0236.jpeg,0.84556323
img_0237.jpeg,0.9999995
img_0238.jpeg,0.99999774
img_0239.jpeg,1.0
img_0240.jpeg,1.0
img_0241.jpeg,1.0
img_0242.jpeg,1.0
img_0243.jpeg,1.0
img_0244.jpeg,0.99918777
img_0245.jpeg,1.0
img_0246.jpeg,1.0
img_0247.jpeg,0.99985456
img_0248.jpeg,1.0
img_0249.jpeg,1.0
img_0250.jpeg,1.0
img_0251.jpeg,1.0
img_0252.jpeg,0.9989717
img_0253.jpeg,0.9999988
img_0254.jpeg,1.0
img_0255.jpeg,0.9999763
img_0256.jpeg,1.0
img_0257.jpeg,1.0
img_0258.jpeg,0.9999317
img_0259.jpeg,0.91088176
img_0260.jpeg,1.0
img_0261.jpeg,0.9999999
img_0262.jpeg,1.0
img_0263.jpeg,0.9997763
img_0264.jpeg,1.0
img_0265.jpeg,0.99941003
img_0266.jpeg,1.0
img_0267.jpeg,0.9999933
img_0268.jpeg,0.99727434
img_0269.jpeg,0.99995816
img_0270.jpeg,1.0
img_0271.jpeg,1.0
img_0272.jpeg,1.0
img_0273.jpeg,1.0
img_0274.jpeg,1.0
img_0275.jpeg,0.99999976
img_0276.jpeg,1.0
img_0277.jpeg,0.9999547
img_0278.jpeg,0.99987364
img_0279.jpeg,0.99999976
img_0280.jpeg,1.0
img_0281.jpeg,1.0
img_0282.jpeg,0.9971323
img_0283.jpeg,0.99879575
img_0284.jpeg,1.0
img_0285.jpeg,1.0
img_0286.jpeg,0.9999132
img_0287.jpeg,1.0
img_0288.jpeg,1.0
img_0289.jpeg,0.9942912
img_0290.jpeg,0.9998398
img_0291.jpeg,0.99999344
img_0292.jpeg,0.999926
img_0293.jpeg,1.0
img_0294.jpeg,0.99999857
img_0295.jpeg,0.99999964
img_0296.jpeg,0.90372175
img_0297.jpeg,1.0
img_0298.jpeg,1.0
img_0299.jpeg,1.0
img_0300.jpeg,1.0
img_0301.jpeg,0.9999838
img_0302.jpeg,0.99996233
img_0303.jpeg,0.9999919
img_0304.jpeg,0.9999988
img_0305.jpeg,1.0
img_0306.jpeg,0.9998286
img_0307.jpeg,0.9999999
img_0308.jpeg,0.9999987
img_0309.jpeg,0.9999999
img_0310.jpeg,0.9999999
img_0311.jpeg,0.99988353
img_0312.jpeg,0.99992824
img_0313.jpeg,1.0
img_0314.jpeg,0.9999999
img_0315.jpeg,1.0
img_0316.jpeg,1.0
img_0317.jpeg,1.0
img_0318.jpeg,0.99902236
img_0319.jpeg,0.9999989
img_0320.jpeg,1.0
img_0321.jpeg,1.0
img_0322.jpeg,0.99994636
img_0323.jpeg,1.0
img_0324.jpeg,0.9999999
img_0325.jpeg,1.0
img_0326.jpeg,0.9980368
img_0327.jpeg,0.99999976
img_0328.jpeg,0.9997565
img_0329.jpeg,0.9980398
img_0330.jpeg,1.0
img_0331.jpeg,1.0
img_0332.jpeg,1.0
img_0333.jpeg,1.0
img_0334.jpeg,0.9999944
img_0335.jpeg,0.9999987
img_0336.jpeg,0.9885261
img_0337.jpeg,1.0
img_0338.jpeg,1.0
img_0339.jpeg,1.0
img_0340.jpeg,0.9999981
img_0341.jpeg,1.0
img_0342.jpeg,1.0
img_0343.jpeg,0.9976484
img_0344.jpeg,1.0
img_0345.jpeg,0.99999774
img_0346.jpeg,1.0
img_0347.jpeg,0.9998467
img_0348.jpeg,1.0
img_0349.jpeg,1.0
img_0350.jpeg,0.99999404
img_0351.jpeg,1.0
img_0352.jpeg,0.8308152
img_0353.jpeg,0.99999964
img_0354.jpeg,1.0
img_0355.jpeg,0.9658162
img_0356.jpeg,0.99952555
img_0357.jpeg,1.0
img_0358.jpeg,0.9999908
img_0359.jpeg,1.0
img_0360.jpeg,0.9999989
img_0361.jpeg,0.9999999
img_0362.jpeg,1.0
img_0363.jpeg,0.99999976
img_0364.jpeg,0.9999995
img_0365.jpeg,0.9999995
img_0366.jpeg,1.0
img_0367.jpeg,0.9999833
img_0368.jpeg,1.0
img_0369.jpeg,0.99999964
img_0370.jpeg,0.9996215
img_0371.jpeg,0.99999785
img_0372.jpeg,1.0
img_0373.jpeg,0.9999994
img_0374.jpeg,0.9993575
img_0375.jpeg,0.9999999
img_0376.jpeg,1.0
img_0377.jpeg,1.0
img_0378.jpeg,1.0
img_0379.jpeg,0.9999999
img_0380.jpeg,0.99888355
img_0381.jpeg,1.0
img_0382.jpeg,0.9996942
img_0383.jpeg,0.9999995
img_0384.jpeg,0.9999974
img_0385.jpeg,1.0
img_0386.jpeg,1.0
img_0387.jpeg,0.9974957
img_0388.jpeg,0.99928445
img_0389.jpeg,1.0
img_0390.jpeg,1.0
img_0391.jpeg,1.0
img_0392.jpeg,0.9999943
img_0393.jpeg,0.9999044
img_0394.jpeg,1.0
img_0395.jpeg,0.9999051
img_0396.jpeg,1.0
img_0397.jpeg,0.99893504
img_0398.jpeg,1.0
img_0399.jpeg,1.0
img_0400.jpeg,0.99997675
img_0401.jpeg,0.99999774
img_0402.jpeg,0.9886468
img_0403.jpeg,1.0
img_0404.jpeg,0.9999995
img_0405.jpeg,0.9997708
img_0406.jpeg,0.99999845
img_0407.jpeg,1.0
img_0408.jpeg,1.0
img_0409.jpeg,0.9999999
img_0410.jpeg,1.0
img_0411.jpeg,0.9992894
img_0412.jpeg,1.0
img_0413.jpeg,1.0
img_0414.jpeg,0.9999999
img_0415.jpeg,1.0
img_0416.jpeg,1.0
img_0417.jpeg,1.0
img_0418.jpeg,0.9999957
img_0419.jpeg,0.99944836
img_0420.jpeg,1.0
img_0421.jpeg,0.99971956
img_0422.jpeg,0.99999976
img_0423.jpeg,1.0
img_0424.jpeg,1.0
img_0425.jpeg,1.0
img_0426.jpeg,1.0
img_0427.jpeg,0.9998361
img_0428.jpeg,1.0
img_0429.jpeg,0.99999976
img_0430.jpeg,1.0
img_0431.jpeg,1.0
img_0432.jpeg,0.9999999
img_0433.jpeg,1.0
img_0434.jpeg,1.0
img_0435.jpeg,1.0
img_0436.jpeg,1.0
img_0437.jpeg,1.0
img_0438.jpeg,0.99972504
img_0439.jpeg,1.0
img_0440.jpeg,0.9999999
img_0441.jpeg,0.9999999
img_0442.jpeg,0.9999932
img_0443.jpeg,0.99998343
img_0444.jpeg,0.99998915
img_0445.jpeg,0.44769514
img_0446.jpeg,1.0
img_0447.jpeg,1.0
img_0448.jpeg,0.99999976
img_0449.jpeg,0.9685291
img_0450.jpeg,0.99991524
img_0451.jpeg,1.0
img_0452.jpeg,0.99999976
img_0453.jpeg,1.0
img_0454.jpeg,1.0
img_0455.jpeg,0.99999964
img_0456.jpeg,1.0
img_0457.jpeg,0.9818444
img_0458.jpeg,1.0
img_0459.jpeg,1.0
img_0460.jpeg,0.39726123
img_0461.jpeg,0.9999999
img_0462.jpeg,1.0
img_0463.jpeg,1.0
img_0464.jpeg,1.0
img_0465.jpeg,0.9957742
img_0466.jpeg,0.6134627
img_0467.jpeg,1.0
img_0468.jpeg,1.0
img_0469.jpeg,0.99999976
img_0470.jpeg,1.0
img_0471.jpeg,1.0
img_0472.jpeg,0.9999602
img_0473.jpeg,0.9999243
img_0474.jpeg,1.0
img_0475.jpeg,0.9999932
img_0476.jpeg,1.0
img_0477.jpeg,1.0
img_0478.jpeg,0.999954
img_0479.jpeg,0.9999789
img_0480.jpeg,1.0
img_0481.jpeg,1.0
img_0482.jpeg,0.9999949
img_0483.jpeg,0.9999974
img_0484.jpeg,0.9999566
img_0485.jpeg,1.0
img_0486.jpeg,0.9999995
img_0487.jpeg,1.0
img_0488.jpeg,0.9991222
img_0489.jpeg,0.99928445
img_0490.jpeg,1.0
img_0491.jpeg,1.0
img_0492.jpeg,1.0
img_0493.jpeg,0.9999999
img_0494.jpeg,1.0
img_0495.jpeg,0.99999785
img_0496.jpeg,0.9999894
img_0497.jpeg,1.0
img_0498.jpeg,0.999997
img_0499.jpeg,0.99999857
img_0500.jpeg,0.99989843
img_0501.jpeg,0.9999777
img_0502.jpeg,0.9999802
img_0503.jpeg,1.0
img_0504.jpeg,1.0
img_0505.jpeg,0.99996996
img_0506.jpeg,0.9999372
img_0507.jpeg,0.99625397
img_0508.jpeg,1.0
img_0509.jpeg,1.0
img_0510.jpeg,1.0
img_0511.jpeg,1.0
img_0512.jpeg,1.0
img_0513.jpeg,1.0
img_0514.jpeg,1.0
img_0515.jpeg,1.0
img_0516.jpeg,0.99999917
img_0517.jpeg,0.9999994
img_0518.jpeg,0.9999999
img_0519.jpeg,1.0
img_0520.jpeg,0.99999845
img_0521.jpeg,1.0
img_0522.jpeg,0.99999976
img_0523.jpeg,0.9998423
img_0524.jpeg,0.9999931
img_0525.jpeg,0.9999999
img_0526.jpeg,1.0
img_0527.jpeg,0.9999987
img_0528.jpeg,1.0
img_0529.jpeg,0.99967337
img_0530.jpeg,1.0
img_0531.jpeg,0.99994576
img_0532.jpeg,0.9999999
img_0533.jpeg,0.9999974
img_0534.jpeg,1.0
img_0535.jpeg,1.0
img_0536.jpeg,0.99966085
img_0537.jpeg,1.0
img_0538.jpeg,0.9963321
img_0539.jpeg,0.9999621
img_0540.jpeg,1.0
img_0541.jpeg,0.9999968
img_0542.jpeg,0.9999602
img_0543.jpeg,0.9999999
img_0544.jpeg,1.0
img_0545.jpeg,1.0
img_0546.jpeg,0.9999945
img_0547.jpeg,0.99803144
img_0548.jpeg,1.0
img_0549.jpeg,1.0
img_0550.jpeg,0.9999999
img_0551.jpeg,0.9999999
img_0552.jpeg,1.0
img_0553.jpeg,0.969493
img_0554.jpeg,1.0
img_0555.jpeg,0.99995255
img_0556.jpeg,1.0
img_0557.jpeg,1.0
img_0558.jpeg,1.0
img_0559.jpeg,1.0
img_0560.jpeg,0.99998915
img_0561.jpeg,0.99953926
img_0562.jpeg,0.9999927
img_0563.jpeg,1.0
img_0564.jpeg,1.0
img_0565.jpeg,1.0
img_0566.jpeg,1.0
img_0567.jpeg,1.0
img_0568.jpeg,0.99981374
img_0569.jpeg,0.9999999
img_0570.jpeg,0.99999654
img_0571.jpeg,1.0
img_0572.jpeg,0.9999981
img_0573.jpeg,1.0
img_0574.jpeg,1.0
img_0575.jpeg,1.0
img_0576.jpeg,0.9999714
img_0577.jpeg,0.99998736
img_0578.jpeg,0.99987566
img_0579.jpeg,0.9998977
img_0580.jpeg,1.0
img_0581.jpeg,1.0
img_0582.jpeg,0.99999976
img_0583.jpeg,0.9999999
img_0584.jpeg,0.99999964
img_0585.jpeg,0.99998486
img_0586.jpeg,0.016784294
img_0587.jpeg,1.0
img_0588.jpeg,1.0
img_0589.jpeg,1.0
img_0590.jpeg,1.0
img_0591.jpeg,0.9999987
img_0592.jpeg,1.0
img_0593.jpeg,0.915445
img_0594.jpeg,0.999995
img_0595.jpeg,0.99998665
img_0596.jpeg,1.0
img_0597.jpeg,0.9999999
img_0598.jpeg,1.0
img_0599.jpeg,1.0
img_0600.jpeg,1.0
img_0601.jpeg,1.0
img_0602.jpeg,0.99999976
img_0603.jpeg,0.99918956
img_0604.jpeg,0.9999944
img_0605.jpeg,1.0
img_0606.jpeg,1.0
img_0607.jpeg,1.0
img_0608.jpeg,0.9999999
img_0609.jpeg,1.0
img_0610.jpeg,0.999998
img_0611.jpeg,0.9999993
img_0612.jpeg,1.0
img_0613.jpeg,0.99999976
img_0614.jpeg,0.99999774
img_0615.jpeg,1.0
img_0616.jpeg,0.9999981
img_0617.jpeg,1.0
img_0618.jpeg,0.9984451
img_0619.jpeg,0.99996126
img_0620.jpeg,1.0
img_0621.jpeg,0.99989545
img_0622.jpeg,1.0
img_0623.jpeg,0.9997842
img_0624.jpeg,0.99999034
